Frequency_Hz,Re_Z_ohm,Im_Z_ohm,NegIm_Z_ohm
4.99999953,1383050.449423407,-2526612.06904811,2526612.06904811
5.07492823,267603.4774731849,-3084764.1202674774,3084764.1202674774
5.15097979,1668080.6103027829,-3380004.32043122,3380004.32043122
5.22817105,1993076.2358247137,-1618920.64332256,1618920.64332256
5.30651907,1992823.397855911,-2279271.8418726656,2279271.8418726656
5.3860412,1159305.9449304342,-3083466.429584852,3083466.429584852
5.46675502,1110643.3299028473,-2664478.3504628963,2664478.3504628963
5.5486784,1301266.5550887901,-2667046.613163705,2667046.613163705
5.63182947,1154998.6490866428,-3630022.992836591,3630022.992836591
5.71622661,1612225.6445576153,-3581177.799066495,3581177.799066495
5.80188851,2388620.907865175,-4559121.696519198,4559121.696519198
5.88883411,1206904.1886506118,-3332218.767783163,3332218.767783163
5.97708266,1133244.3401073536,-1838824.8066426674,1838824.8066426674
6.06665368,486919.55231789453,-1878584.5859881334,1878584.5859881334
6.15756699,1599153.4162221826,-2636049.3713031514,2636049.3713031514
6.2498427,1119381.9182716853,-3094958.536861557,3094958.536861557
6.34350123,1776028.1459384153,-2200505.6465476523,2200505.6465476523
6.4385633,1323684.5290777988,-2255083.403517042,2255083.403517042
6.53504995,1881765.5492259373,-4564148.768476509,4564148.768476509
6.63298252,1095077.3650041695,-2549352.3067535954,2549352.3067535954
6.73238269,596053.1371582996,-2580556.8472489538,2580556.8472489538
6.83327244,1385063.2479422837,-2251388.177283258,2251388.177283258
6.93567409,1252033.2714304987,-2904258.173344665,2904258.173344665
7.03961032,1376574.2894297468,-2474231.9736754224,2474231.9736754224
7.1451041,1319367.7431695373,-2319395.7743937853,2319395.7743937853
7.25217879,506752.8242948164,-2582225.0518294456,2582225.0518294456
7.36085807,1299589.3790276786,-2469171.784043875,2469171.784043875
7.47116599,819081.9454689797,-1803563.9057309162,1803563.9057309162
7.58312696,901716.8531205624,-2915498.186149595,2915498.186149595
7.69676574,589101.4232356545,-2457941.3554923837,2457941.3554923837
7.81210749,1354643.9077375107,-1923464.3895329214,1923464.3895329214
7.92917771,862351.7345836787,-2171737.0889228866,2171737.0889228866
8.04800233,1464214.7735931561,-2157036.1184495967,2157036.1184495967
8.16860761,1026667.7628217045,-2650611.616516753,2650611.616516753
8.29102026,446177.5849100142,-2869542.322456078,2869542.322456078
8.41526735,1223948.4982152367,-1733772.434720756,1733772.434720756
8.54137638,1118825.389585886,-1734680.5421880637,1734680.5421880637
8.66937524,992800.913380135,-1995347.8740875726,1995347.8740875726
8.79929226,146110.51437832386,-2179093.815965783,2179093.815965783
8.93115618,820278.7741982316,-2179082.325998588,2179082.325998588
9.06499619,781372.0330474145,-2068933.0746105069,2068933.0746105069
9.20084188,675634.0734008104,-1804760.4552348172,1804760.4552348172
9.33872332,854195.9347579746,-1933978.2505141138,1933978.2505141138
9.47867102,1021582.0453857979,-2043703.6662829728,2043703.6662829728
9.62071594,1204833.3909428932,-1698376.7528322176,1698376.7528322176
9.76488951,898147.1009323061,-2049534.1279154737,2049534.1279154737
9.91122363,538170.3443056548,-2434969.8804086773,2434969.8804086773
10.0597507,778550.3109664475,-1977983.5330566515,1977983.5330566515
10.2105035,559784.8235398713,-2154595.9730207906,2154595.9730207906
10.3635155,917284.6051059224,-1652172.0283672423,1652172.0283672423
10.5188204,642023.9673552514,-2301021.897824852,2301021.897824852
10.6764528,327938.4216231904,-2043277.3452256757,2043277.3452256757
10.8364473,888859.4125948306,-1709595.1706172926,1709595.1706172926
10.9988395,1066297.7154367333,-1848818.8239283469,1848818.8239283469
11.1636653,1026305.1956966763,-1954989.1422511449,1954989.1422511449
11.3309611,787340.5007861389,-1917922.6681588283,1917922.6681588283
11.500764,602625.9438744504,-2281976.4769131537,2281976.4769131537
11.6731115,724928.1835655837,-1480809.0678859877,1480809.0678859877
11.8480417,844438.3387900997,-1661531.0444610843,1661531.0444610843
12.0255934,1237009.3924232032,-1653965.8252432852,1653965.8252432852
12.2058058,605574.0250600085,-1482286.649200118,1482286.649200118
12.3887189,375218.723051943,-1519486.1415280048,1519486.1415280048
12.574373,584063.7116191623,-1724748.8810486307,1724748.8810486307
12.7628093,521330.71678638185,-1567543.3220625955,1567543.3220625955
12.9540695,500916.9797950506,-1738313.9777113677,1738313.9777113677
13.1481959,717343.7934469559,-1503334.7737225883,1503334.7737225883
13.3452313,677389.540904734,-2162875.4619950084,2162875.4619950084
13.5452195,393587.3355006636,-1743646.5737475897,1743646.5737475897
13.7482047,581888.3138986477,-1654112.008325864,1654112.008325864
13.9542317,619708.3118527429,-1555045.7324102628,1555045.7324102628
14.1633463,593148.2136643018,-1439441.9617273498,1439441.9617273498
14.3755945,391061.7295688196,-1497344.4143445496,1497344.4143445496
14.5910235,718949.2552648077,-1332502.3989200245,1332502.3989200245
14.8096808,440599.0940408087,-1435308.9042024538,1435308.9042024538
15.0316148,581178.1811425728,-1427194.4735793665,1427194.4735793665
15.2568747,450246.38558912795,-1331496.3994305553,1331496.3994305553
15.4855103,546139.2092217659,-1322542.7178326843,1322542.7178326843
15.7175722,315601.72692248394,-1449059.7555174567,1449059.7555174567
15.9531117,530125.5944255079,-1338466.627793751,1338466.627793751
16.1921809,541089.8724665495,-1244183.9700715835,1244183.9700715835
16.4348327,560687.1308241689,-1240629.5034146863,1240629.5034146863
16.6811209,646059.1711258813,-1203381.8747615966,1203381.8747615966
16.9310999,196851.6128567662,-1277630.6417843916,1277630.6417843916
17.184825,518344.4624408531,-1550787.2130813752,1550787.2130813752
17.4423523,293331.10724499956,-1533913.4890212468,1533913.4890212468
17.7037389,713295.0201641242,-1242113.0161783558,1242113.0161783558
17.9690426,379013.4349553702,-1307297.6146217044,1307297.6146217044
18.238322,277716.3568412203,-1178312.9745949295,1178312.9745949295
18.5116368,394379.5761008387,-1252641.5636680645,1252641.5636680645
18.7890474,712580.9903828952,-1155841.554849396,1155841.554849396
19.0706152,283710.0042486089,-1144876.4335586904,1144876.4335586904
19.3564026,462380.8835316623,-1078763.4301132245,1078763.4301132245
19.6464726,422360.5763096651,-1367975.6280843476,1367975.6280843476
19.9408896,497521.7470133154,-1266271.9906009394,1266271.9906009394
20.2397186,306437.8757513781,-1118077.855691251,1118077.855691251
20.5430258,460902.9602027892,-1268938.413057968,1268938.413057968
20.8508783,281743.019128635,-1171922.0814010731,1171922.0814010731
21.1633442,290926.1327535824,-1132180.0501781995,1132180.0501781995
21.4804926,306566.6293026381,-1149416.7367536665,1149416.7367536665
21.8023937,411173.6656972185,-1057495.2408180875,1057495.2408180875
22.1291188,372432.1054061557,-1232310.8428233294,1232310.8428233294
22.46074,250403.84534240424,-1085136.6454767915,1085136.6454767915
22.7973309,390029.406004497,-1091590.5336720503,1091590.5336720503
23.1389658,352755.55848551926,-946962.5688143728,946962.5688143728
23.4857204,294192.0473050824,-988485.7684250607,988485.7684250607
23.8376713,383085.9188232425,-1099146.2974413845,1099146.2974413845
24.1948965,410122.4421888172,-918990.9309822439,918990.9309822439
24.557475,450268.8427565972,-1041307.6132901204,1041307.6132901204
24.925487,253561.8572317967,-959964.4661481788,959964.4661481788
25.2990139,445124.6434222701,-930463.3632041507,930463.3632041507
25.6781384,228967.08703552675,-937837.8994369479,937837.8994369479
26.0629444,540118.0540797395,-1000638.2360540672,1000638.2360540672
26.4535169,150864.01779028366,-1011991.8545548022,1011991.8545548022
26.8499425,273588.7274495491,-859493.2889894674,859493.2889894674
27.2523088,135022.65599758632,-858608.71352146,858608.71352146
27.6607049,297897.87743412866,-919674.6081824704,919674.6081824704
28.0752211,354313.07039336924,-869084.7343675316,869084.7343675316
28.4959491,214225.43378724184,-1030289.2507495143,1030289.2507495143
28.922982,253835.34807854466,-901537.7958587421,901537.7958587421
29.3564144,232059.6084708471,-750730.1686804909,750730.1686804909
29.796342,349391.44385144545,-820803.5141618814,820803.5141618814
30.2428623,275876.2968872526,-865216.6635836684,865216.6635836684
30.6960741,315486.28178223385,-911790.4971236264,911790.4971236264
31.1560775,352994.3967111862,-731245.9565761853,731245.9565761853
31.6229745,291733.74281965825,-843238.2662793194,843238.2662793194
32.0968682,281154.5671102306,-719713.4123919713,719713.4123919713
32.5778636,296658.03859723714,-805425.2511347762,805425.2511347762
33.066067,242422.89461076094,-798258.3121604987,798258.3121604987
33.5615866,274739.88989206136,-798355.198535475,798355.198535475
34.0645319,208138.93348353833,-769421.2865654802,769421.2865654802
34.5750142,159604.51884185668,-666080.8782721933,666080.8782721933
35.0931464,263990.3451794014,-841313.488343099,841313.488343099
35.6190432,270230.9228082351,-742776.0337139071,742776.0337139071
36.152821,307127.4180631704,-683453.3028721364,683453.3028721364
36.6945979,289274.04232115316,-712467.4035581753,712467.4035581753
37.2444937,193133.14415361924,-730514.9665438881,730514.9665438881
37.80263,324099.1407134729,-705842.3725701093,705842.3725701093
38.3691305,207485.30939266755,-621441.6001175814,621441.6001175814
38.9441204,196564.2861911414,-658102.9901638912,658102.9901638912
39.5277269,166679.30034779207,-677218.7361015878,677218.7361015878
40.1200793,200930.52422971278,-599335.8666487248,599335.8666487248
40.7213084,241847.61872677953,-565335.224446065,565335.224446065
41.3315474,262399.77474527265,-627317.6066498454,627317.6066498454
41.9509314,262521.43463469076,-599034.4963684327,599034.4963684327
42.5795972,205470.60993236623,-655376.9089024339,655376.9089024339
43.217684,196379.65286591274,-693852.3102748736,693852.3102748736
43.8653331,159414.2886885357,-611388.4092790246,611388.4092790246
44.5226877,212835.1399920124,-584696.2365223313,584696.2365223313
45.1898932,240704.43211464552,-640995.1314211608,640995.1314211608
45.8670973,153071.96733097362,-548279.1258716739,548279.1258716739
46.5544498,184723.1571423783,-606967.028914721,606967.028914721
47.2521027,130207.639517066,-590743.2966921773,590743.2966921773
47.9602106,221405.07371517888,-574560.8214249233,574560.8214249233
48.6789299,150212.13685235014,-587848.0140178942,587848.0140178942
49.4084198,211421.40327072132,-569529.2431676883,569529.2431676883
50.1488416,143606.38387052668,-521466.3340056941,521466.3340056941
50.9003592,202408.94519663655,-534925.483523314,534925.483523314
51.6631389,187932.28523091524,-572575.8660434361,572575.8660434361
52.4373494,156985.56344785425,-508552.015920741,508552.015920741
53.2231619,146846.3629387231,-524002.0441096628,524002.0441096628
54.0207505,188126.60824657383,-568143.714756884,568143.714756884
54.8302916,183325.18298829094,-496470.96875910263,496470.96875910263
55.6519642,180497.57088658362,-506644.21956245764,506644.21956245764
56.4859501,162154.71338337596,-440107.2140200386,440107.2140200386
57.332434,99058.0329712912,-476156.49193266185,476156.49193266185
58.1916031,102973.79010085606,-509453.92907307076,509453.92907307076
59.0636474,141956.47029203738,-490309.81383939553,490309.81383939553
59.94876,94802.22126478344,-497395.1144368956,497395.1144368956
60.8471367,105664.01436098407,-496215.7323819361,496215.7323819361
61.7589762,118228.86264854645,-445745.3137840193,445745.3137840193
62.6844803,99957.39307162224,-445539.68463280174,445539.68463280174
63.6238537,119315.3828783846,-420363.1695704484,420363.1695704484
64.5773044,145201.15880590645,-408629.62278382917,408629.62278382917
65.5450432,181784.6096242258,-419155.84941024345,419155.84941024345
66.5272843,183612.22747406186,-497275.03537405084,497275.03537405084
67.524245,137229.82175250322,-453440.0088651281,453440.0088651281
68.5361459,122719.90229053223,-393500.2107355718,393500.2107355718
69.563211,130751.45547831694,-391706.19842078135,391706.19842078135
70.6056673,155692.13022810663,-439636.6272127317,439636.6272127317
71.6637456,94871.02430169197,-418522.97320507356,418522.97320507356
72.73768,138701.26365306656,-361423.4140519163,361423.4140519163
73.8277081,144781.29784779358,-416246.419224028,416246.419224028
74.9340711,114287.22715059677,-395439.2617772806,395439.2617772806
76.0570138,148496.1892618327,-416014.517505041,416014.517505041
77.1967846,88835.15480477021,-389906.7724310262,389906.7724310262
78.3536357,151009.9300034494,-340821.45326257474,340821.45326257474
79.527823,107807.05335258905,-392273.3767724124,392273.3767724124
80.7196065,164597.9332678551,-358124.9691121929,358124.9691121929
81.9292497,130436.21666731274,-375405.45301763184,375405.45301763184
83.1570203,133406.45920345315,-350531.360720979,350531.360720979
84.4031899,100096.25436459988,-349399.3171529479,349399.3171529479
85.6680344,129003.65934253846,-364052.7624633547,364052.7624633547
86.9518334,113438.47540940733,-324583.07792140916,324583.07792140916
88.2548712,94389.60590284747,-364059.9413555916,364059.9413555916
89.5774359,134684.8604973808,-329804.7949883689,329804.7949883689
90.9198203,109296.7160268534,-323088.9097408001,323088.9097408001
92.2823212,125220.87196433113,-347395.76475426316,347395.76475426316
93.6652403,119337.18087395864,-349550.4739651008,349550.4739651008
95.0688834,140937.2667475957,-301032.9587085885,301032.9587085885
96.4935612,103495.71090531554,-318697.37419579836,318697.37419579836
97.9395888,123608.32189679256,-314280.4794424609,314280.4794424609
99.4072862,103578.61123506003,-327572.18267091794,327572.18267091794
100.896978,140822.4874403746,-305117.3568515025,305117.3568515025
102.408994,101065.5136382161,-281583.4834051805,281583.4834051805
103.943669,84485.83682038801,-304997.466054375,304997.466054375
105.501342,88988.02576704092,-310072.584744016,310072.584744016
107.082358,89358.70103610192,-297489.6077503665,297489.6077503665
108.687067,80160.48416178736,-281237.89080642,281237.89080642
110.315823,79672.11929690716,-289168.95138259605,289168.95138259605
111.968987,104875.83720041194,-300032.24131082307,300032.24131082307
113.646926,118890.72969440155,-283425.10887886194,283425.10887886194
115.350009,108557.3822996168,-285839.4374743561,285839.4374743561
117.078615,124048.66720726913,-254641.94619751503,254641.94619751503
118.833125,109549.68747254746,-260621.14115373566,260621.14115373566
120.613927,97146.89539868738,-272053.641390685,272053.641390685
122.421416,111565.66376359183,-265611.831484347,265611.831484347
124.255992,118257.07522464043,-250333.0741651435,250333.0741651435
126.11806,113666.92405626734,-255384.0571443947,255384.0571443947
128.008033,102849.34790729289,-248386.11795740642,248386.11795740642
129.926328,84863.28325895652,-243694.1544705635,243694.1544705635
131.873371,93132.26962201689,-245714.86482922002,245714.86482922002
133.849591,90945.81333491008,-243129.19587289807,243129.19587289807
135.855427,86651.85900523288,-247120.81048389344,247120.81048389344
137.891321,85883.97164756474,-231963.00397826728,231963.00397826728
139.957725,90697.54589680102,-225776.62780031332,225776.62780031332
142.055095,89953.26183255651,-229368.67990156793,229368.67990156793
144.183896,97855.23301341521,-223524.36731743306,223524.36731743306
146.344599,83074.37298934779,-233868.10923325623,233868.10923325623
148.537681,84851.02144199752,-231715.9267106247,231715.9267106247
150.763629,74492.73686676286,-216330.3512108417,216330.3512108417
153.022933,87610.71959955487,-215521.744524221,215521.744524221
155.316096,100552.08591644243,-218184.44211403106,218184.44211403106
157.643623,86754.87936551393,-219644.04873304156,219644.04873304156
160.006029,63816.09216463309,-212804.56858820262,212804.56858820262
162.403838,83469.40776992793,-197667.1306158532,197667.1306158532
164.83758,81701.8726209434,-210738.18027725007,210738.18027725007
167.307794,82725.92723661121,-196931.8898251653,196931.8898251653
169.815025,79054.71603395966,-192985.5317880464,192985.5317880464
172.359829,79807.53042967025,-198477.417567714,198477.417567714
174.942769,72088.07995122085,-200078.93746173228,200078.93746173228
177.564417,67480.04696769618,-192692.76601897486,192692.76601897486
180.225351,73241.44293461961,-188700.71167333346,188700.71167333346
182.926162,71595.24244911199,-182053.22182063793,182053.22182063793
185.667446,66926.28758345179,-188795.01614341096,188795.01614341096
188.449811,75800.62902330355,-183724.05612619128,183724.05612619128
191.273871,69546.47787470523,-191524.48726933575,191524.48726933575
194.140252,70017.66085768402,-179938.54172784527,179938.54172784527
197.049587,75709.33662479285,-182724.38339359334,182724.38339359334
200.002522,67229.54748825918,-177393.2849831498,177393.2849831498
202.999708,70040.28453963174,-170479.15563379985,170479.15563379985
206.041809,63469.68038866762,-170810.8112828666,170810.8112828666
209.129499,65229.38703233861,-174985.10933910156,174985.10933910156
212.263459,67870.72710732397,-175617.26174498576,175617.26174498576
215.444385,55427.77422383128,-161330.59712157617,161330.59712157617
218.672979,69005.00385199804,-164429.48611811435,164429.48611811435
221.949956,60841.435431326885,-172701.27191047926,172701.27191047926
225.27604,77014.29047700753,-157714.0228825499,157714.0228825499
228.651969,65649.15715520023,-168738.05712178227,168738.05712178227
232.078488,67774.07853106337,-153020.20750836167,153020.20750836167
235.556357,64475.02519337024,-154982.78233321387,154982.78233321387
239.086344,65317.302705205664,-156714.25939224032,156714.25939224032
242.66923,63782.56838060665,-158137.5096971609,158137.5096971609
246.305808,55851.68861651386,-145415.1723858027,145415.1723858027
249.996884,68588.63511668069,-153569.0496569284,153569.0496569284
253.743272,68987.55132105367,-148940.75522532358,148940.75522532358
257.545804,54539.12315767852,-160611.81667576227,160611.81667576227
261.405319,62077.64222214344,-150246.8128918388,150246.8128918388
265.322671,56224.30877861,-141321.34593415272,141321.34593415272
269.298728,60995.02770968326,-143667.3931695868,143667.3931695868
273.33437,58220.614930779484,-142907.6143172584,142907.6143172584
277.430488,58781.758750788715,-136575.0069939451,136575.0069939451
281.58799,55311.97108175686,-139780.49088107896,139780.49088107896
285.807795,58700.070324259796,-132532.926104731,132532.926104731
290.090837,58043.60343258087,-134240.11673958134,134240.11673958134
294.438063,53903.53755190114,-131607.0230045372,131607.0230045372
298.850436,53820.115350379885,-134152.29247375322,134152.29247375322
303.328932,53436.46643204673,-131335.03863126406,131335.03863126406
307.874541,53056.69019909005,-124999.79480636134,124999.79480636134
312.488269,54568.62120819776,-132906.66377198938,132906.66377198938
317.171138,49473.10875281682,-125101.50750055478,125101.50750055478
321.924183,48608.0333244266,-129649.2635070358,129649.2635070358
326.748455,47435.60774906469,-127605.03719414052,127605.03719414052
331.645023,47497.72864832107,-118830.97986117881,118830.97986117881
336.61497,45916.90338243493,-116704.21314474275,116704.21314474275
341.659395,48301.27610434572,-114803.2221684224,114803.2221684224
346.779415,50608.093370609444,-121184.4848780353,121184.4848780353
351.976162,47055.68177351494,-110980.08243586347,110980.08243586347
357.250786,42241.170895500814,-113528.49885910342,113528.49885910342
362.604454,49218.45331970908,-116516.39758050717,116516.39758050717
368.038351,46890.79897591555,-111810.91928387855,111810.91928387855
373.553678,46777.0431006516,-109381.46619630697,109381.46619630697
379.151657,40855.84959742359,-115309.39738307033,115309.39738307033
384.833526,43986.10454116345,-103479.11615059323,103479.11615059323
390.600542,44957.6389059328,-105795.46207698908,105795.46207698908
396.453981,48167.04213271369,-106168.87826537882,106168.87826537882
402.395138,41520.62619127988,-104167.34180571434,104167.34180571434
408.425328,45427.53378417842,-101468.98936748282,101468.98936748282
414.545885,43807.51781827945,-101734.58079944778,101734.58079944778
420.758162,40064.86676530289,-99069.42579729547,99069.42579729547
427.063536,42931.35955354965,-101297.20480581372,101297.20480581372
433.4634,42212.62352773998,-97398.3362639746,97398.3362639746
439.95917,39187.885609314246,-95105.20415356159,95105.20415356159
446.552285,41058.36190350069,-93622.33915645114,93622.33915645114
453.244202,37994.02944774006,-95869.06912630601,95869.06912630601
460.036403,40935.15744811364,-93288.28010233188,93288.28010233188
466.93039,37338.00894144203,-93726.26415785769,93726.26415785769
473.927688,38457.64925889878,-88391.68791835073,88391.68791835073
481.029846,41752.50875374771,-90993.90734015215,90993.90734015215
488.238436,38498.81582313432,-89247.4316456566,89247.4316456566
495.555051,34015.122311709536,-88820.86898093473,88820.86898093473
502.981311,36657.76929254425,-85685.88827402449,85685.88827402449
510.518859,37563.56159962618,-85665.59971964444,85665.59971964444
518.169363,38375.6511999957,-85874.27044046181,85874.27044046181
525.934516,36892.638523766,-82609.8754126563,82609.8754126563
533.816035,35966.3552824336,-85181.61292100222,85181.61292100222
541.815664,37370.379761202865,-80810.22851819026,80810.22851819026
549.935174,34708.8516957853,-79483.23320346957,79483.23320346957
558.17636,35882.16506559579,-81502.11425082046,81502.11425082046
566.541047,34238.87679008239,-79570.58322639675,79570.58322639675
575.031085,33561.77949275474,-78711.13649203276,78711.13649203276
583.648353,32656.925204196486,-76231.0573936228,76231.0573936228
592.394756,33915.081939258875,-72598.75960615,72598.75960615
601.272232,33642.29471726007,-76930.96044309372,76930.96044309372
610.282742,32872.98514303133,-74343.18984977751,74343.18984977751
619.428282,33834.78600603443,-73305.8130709367,73305.8130709367
628.710874,32860.0519671769,-70417.26256003964,70417.26256003964
638.132573,31801.230248881824,-70415.53307180715,70415.53307180715
647.695463,33790.0660163914,-69832.77815129962,69832.77815129962
657.401661,32233.30164823665,-68798.22708372158,68798.22708372158
667.253312,32891.3989216371,-68930.38485449034,68930.38485449034
677.252598,30637.8936328759,-66127.55773395838,66127.55773395838
687.401731,30667.193129524712,-67336.6108238781,67336.6108238781
697.702956,30550.699596993403,-65978.6042597468,65978.6042597468
708.158553,31754.633832880918,-65784.2816444723,65784.2816444723
718.770834,29590.756738479897,-64867.97372141802,64867.97372141802
729.542148,30063.8665415965,-63978.7970782035,63978.7970782035
740.474879,29266.945567146387,-63730.49387736427,63730.49387736427
751.571444,30311.584921582693,-60307.20552317297,60307.20552317297
762.8343,30508.574813679417,-61054.57749391196,61054.57749391196
774.265938,29526.871075417588,-61374.23516719036,61374.23516719036
785.868888,28921.311081300013,-57684.09638358141,57684.09638358141
797.645716,28474.201233676646,-60455.971989567595,60455.971989567595
809.599029,30161.53867615422,-57900.29402785782,57900.29402785782
821.731471,28148.588027433616,-56059.83126474854,56059.83126474854
834.045727,28189.450050192234,-54620.73693765705,54620.73693765705
846.544521,27283.51133885362,-54230.71737039268,54230.71737039268
859.230619,27616.791377593167,-54567.788279677945,54567.788279677945
872.106827,29160.285903646643,-55199.93684715083,55199.93684715083
885.175995,26484.7228758284,-53423.34567187365,53423.34567187365
898.441015,26015.48154877401,-52868.11040959399,52868.11040959399
911.90482,25748.25772672896,-52290.50318202811,52290.50318202811
925.57039,27170.27923452278,-52822.28404015546,52822.28404015546
939.440749,26373.017642282943,-51160.30398042841,51160.30398042841
953.518966,24626.859176191178,-50061.61935613738,50061.61935613738
967.808155,25269.998558805048,-48690.4349671528,48690.4349671528
982.311479,25987.700594952432,-49771.22683951976,49771.22683951976
997.032145,25174.67714866157,-49024.60519428224,49024.60519428224
1011.97341,25202.41264492927,-48444.34546436282,48444.34546436282
1027.13858,24736.067182774794,-47029.473370490916,47029.473370490916
1042.53102,25459.349486951764,-46129.04599655318,46129.04599655318
1058.15412,24789.056172624933,-46745.358883810986,46745.358883810986
1074.01134,23853.936625410755,-45614.79810708198,45614.79810708198
1090.1062,24618.878540849757,-45969.868778476346,45969.868778476346
1106.44225,24345.91026951516,-45088.870611639206,45088.870611639206
1123.02311,24020.480755398323,-44751.109877438656,44751.109877438656
1139.85244,23511.346378846214,-44140.32282610493,44140.32282610493
1156.93398,23496.84831824597,-43570.95346463324,43570.95346463324
1174.27149,23877.001785251407,-42954.94335082452,42954.94335082452
1191.86882,22965.835528077212,-42417.78294470601,42417.78294470601
1209.72986,23310.133082357104,-41835.35749435126,41835.35749435126
1227.85856,22657.71535353043,-40781.54721048339,40781.54721048339
1246.25893,23010.021678203488,-40673.38826448819,40673.38826448819
1264.93505,22089.877472927554,-39774.21279846979,39774.21279846979
1283.89104,22598.895855664698,-39941.78662564028,39941.78662564028
1303.1311,22555.33877624679,-39037.09138138885,39037.09138138885
1322.65948,22184.053249525383,-39491.13259135021,39491.13259135021
1342.48052,21710.429901652366,-38040.83453302437,38040.83453302437
1362.59858,22184.404388999035,-37696.239994706346,37696.239994706346
1383.01814,21710.092746619506,-36739.02505927493,36739.02505927493
1403.74369,21588.98868436111,-36856.4691633798,36856.4691633798
1424.77983,22285.34521622022,-36583.87622767973,36583.87622767973
1446.13121,21535.395974295847,-35172.880090157116,35172.880090157116
1467.80256,21860.826685498763,-35336.34951178919,35336.34951178919
1489.79867,21410.72601347614,-35087.41557732568,35087.41557732568
1512.12441,21201.863788779072,-34587.45612142927,34587.45612142927
1534.78472,20759.24386340473,-33819.009638635835,33819.009638635835
1557.7846,21040.002341840966,-33430.362997556396,33430.362997556396
1581.12916,21147.07565973408,-33191.7028372678,33191.7028372678
1604.82356,20886.163715640174,-32875.80467004286,32875.80467004286
1628.87303,20439.62005363353,-32351.030227814397,32351.030227814397
1653.2829,20741.45816478678,-31787.00633306628,31787.00633306628
1678.05857,20005.16426780115,-31097.93233626749,31097.93233626749
1703.20552,20338.39335482258,-30864.715530232068,30864.715530232068
1728.72932,19818.963758517286,-30589.777662677483,30589.777662677483
1754.63561,19755.228981892866,-29994.5392199034,29994.5392199034
1780.93013,20047.140385398303,-29033.95759704054,29033.95759704054
1807.61869,20119.701084119377,-29732.320815603158,29732.320815603158
1834.7072,19440.477525883143,-28933.755018286323,28933.755018286323
1862.20165,19209.99781874877,-27816.345203066445,27816.345203066445
1890.10812,20184.08465343281,-27966.371551690223,27966.371551690223
1918.43279,19289.910905247038,-27259.247424272246,27259.247424272246
1947.18193,19188.851717510926,-27363.841261404694,27363.841261404694
1976.3619,19026.551646179105,-26734.40166564779,26734.40166564779
2005.97915,19064.98102092499,-26351.759938176376,26351.759938176376
2036.04023,18592.399589393288,-26231.796329897054,26231.796329897054
2066.55181,18985.803486653826,-25497.404561187654,25497.404561187654
2097.52062,19083.68801960158,-25223.09195278701,25223.09195278701
2128.95352,19064.50923547505,-25250.82647938843,25250.82647938843
2160.85747,18882.388896383938,-24485.671005417225,24485.671005417225
2193.23952,19038.855607723344,-24459.12888140911,24459.12888140911
2226.10685,18064.864997869692,-23945.04906986143,23945.04906986143
2259.46671,18357.78375315143,-23437.81267525754,23437.81267525754
2293.32649,18589.153967364447,-22991.77268455276,22991.77268455276
2327.69369,18528.84862308726,-23097.200613747154,23097.200613747154
2362.57591,18032.98619051866,-22720.1793720419,22720.1793720419
2397.98086,18319.075420534242,-22206.227812119745,22206.227812119745
2433.91639,18316.097082543143,-22419.380330196876,22419.380330196876
2470.39043,18113.288447706236,-21970.05075725283,21970.05075725283
2507.41106,18331.780199163426,-21668.173492930346,21668.173492930346
2544.98648,17667.39942997419,-21178.751099816407,21178.751099816407
2583.12499,17742.640579558993,-20863.020011509707,20863.020011509707
2621.83503,17392.14308681159,-20091.498107567248,20091.498107567248
2661.12518,17581.842541725724,-20305.626086475946,20305.626086475946
2701.00411,17674.18987521051,-19798.778567976166,19798.778567976166
2741.48066,17534.580917627965,-19873.689554475222,19873.689554475222
2782.56379,17623.595814050987,-19268.53353557464,19268.53353557464
2824.26257,17218.231322591917,-19100.648146161984,19100.648146161984
2866.58624,17216.470158496937,-19038.47576923262,19038.47576923262
2909.54416,17210.50185602654,-18518.761164006643,18518.761164006643
2953.14584,17537.15348457292,-18609.975219308424,18609.975219308424
2997.40092,17224.67513285117,-17909.718440512122,17909.718440512122
3042.3192,17118.52620794071,-17699.53152411946,17699.53152411946
3087.91061,17161.572779708185,-17796.175393190253,17796.175393190253
3134.18524,16650.764655416853,-17602.150601167774,17602.150601167774
3181.15333,17021.16855930624,-17252.069862940116,17252.069862940116
3228.82528,16830.761090597935,-16530.88368386495,16530.88368386495
3277.21162,16826.21285670916,-16380.499482081083,16380.499482081083
3326.32307,16656.138302221832,-16070.045327675953,16070.045327675953
3376.17049,16723.58138448443,-16034.53668498214,16034.53668498214
3426.76491,16485.486063651755,-15587.914202240334,15587.914202240334
3478.11752,16861.223363252055,-15364.064170299518,15364.064170299518
3530.23969,16594.228353444265,-15180.785465741234,15180.785465741234
3583.14295,16660.639069498277,-14972.898344429392,14972.898344429392
3636.83901,16526.416128408942,-14631.110812045104,14631.110812045104
3691.33974,16610.305570924913,-14747.837808589391,14747.837808589391
3746.65721,16372.32926928371,-14328.853326294375,14328.853326294375
3802.80364,16370.208870914596,-13671.121711870408,13671.121711870408
3859.79148,16204.222707175448,-13670.860679527595,13670.860679527595
3917.63332,16043.052671072075,-13504.241535183515,13504.241535183515
3976.34196,16293.52575779481,-13350.349011816701,13350.349011816701
4035.9304,16352.850038377499,-13092.67063370578,13092.67063370578
4096.41181,16112.340500492668,-12978.74813617968,12978.74813617968
4157.79958,16192.808182369443,-12663.501316516435,12663.501316516435
4220.10729,16162.764686042075,-12332.800224192059,12332.800224192059
4283.34873,16086.883315739584,-12239.84174732672,12239.84174732672
4347.53789,15834.867123911803,-11866.697013392926,11866.697013392926
4412.68897,15900.483247150665,-11728.845425477346,11728.845425477346
4478.81639,15809.591646757564,-11504.47862915538,11504.47862915538
4545.93478,16136.372842185729,-11232.204507408798,11232.204507408798
4614.05898,15872.625391052496,-11282.172562085627,11282.172562085627
4683.20408,16028.086899473945,-10882.047352443635,10882.047352443635
4753.38537,15959.011653715761,-10758.006323967415,10758.006323967415
4824.61838,15876.40860862697,-10461.010448769892,10461.010448769892
4896.91886,15853.837282624201,-10387.902081928596,10387.902081928596
4970.30282,15812.80294056191,-9982.924426560374,9982.924426560374
5044.7865,15838.363399111659,-9942.321750030995,9942.321750030995
5120.38637,15741.151319355176,-9636.367143495438,9636.367143495438
5197.11916,15389.605944065672,-9437.783913602969,9437.783913602969
5275.00185,15604.75638676389,-9193.00457884917,9193.00457884917
5354.05166,15557.556916794405,-9137.78721859613,9137.78721859613
5434.2861,15561.192982886332,-8962.54455392032,8962.54455392032
5515.72291,15511.984613788927,-8644.85603099595,8644.85603099595
5598.38011,15542.840419382479,-8576.569810714585,8576.569810714585
5682.27599,15461.436955442254,-8288.265250561864,8288.265250561864
5767.42911,15601.092415137215,-8171.66234019229,8171.66234019229
5853.85832,15368.315777984493,-8009.104695021081,8009.104695021081
5941.58273,15426.545141823954,-7940.083567167633,7940.083567167633
6030.62175,15444.949453661111,-7740.9989797174785,7740.9989797174785
6120.9951,15315.455547803242,-7588.337021442583,7588.337021442583
6212.72275,15322.848493772874,-7258.46122332546,7258.46122332546
6305.82501,15348.349131352848,-7254.8036644212625,7254.8036644212625
6400.32248,15374.742139984486,-6951.65592567081,6951.65592567081
6496.23606,15222.19884022407,-6796.469035432377,6796.469035432377
6593.58698,15257.759820799194,-6557.7747224595405,6557.7747224595405
6692.39677,15312.752196340703,-6541.2368811030165,6541.2368811030165
6792.6873,15348.855705387812,-6271.253318937756,6271.253318937756
6894.48076,15234.10137683232,-6159.925643156706,6159.925643156706
6997.79967,15185.516042454845,-6007.159809468561,6007.159809468561
7102.66689,15168.556027743483,-5983.617727070733,5983.617727070733
7209.10563,15224.966652691668,-5754.250192340789,5754.250192340789
7317.13942,15397.554760399866,-5491.302860449226,5491.302860449226
7426.79219,15273.750497292174,-5250.528252791082,5250.528252791082
7538.08818,15300.191204991073,-5091.179176501351,5091.179176501351
7651.05203,15105.878364792978,-4974.157061522466,4974.157061522466
7765.70872,14972.82791677137,-4847.637749884618,4847.637749884618
7882.08363,15164.851489195747,-4612.349449414508,4612.349449414508
8000.2025,15131.104372987096,-4477.728753798136,4477.728753798136
8120.09147,15105.262712587491,-4313.395289015262,4313.395289015262
8241.77706,15101.295198525222,-4085.1059513462333,4085.1059513462333
8365.28621,15086.290984657306,-3952.749072940146,3952.749072940146
8490.64623,15089.55787877429,-3883.043624686742,3883.043624686742
8617.88487,15109.310277829378,-3648.3490536994473,3648.3490536994473
8747.03026,15063.946754537803,-3668.573571714614,3668.573571714614
8878.111,14976.596902666914,-3371.826040417956,3371.826040417956
9011.15609,15095.192373948674,-3303.9817621772054,3303.9817621772054
9146.19495,15068.168662936885,-3017.7550492143214,3017.7550492143214
9283.25746,15106.39685228227,-2952.259078929232,2952.259078929232
9422.37397,15008.122721514928,-2808.422709947718,2808.422709947718
9563.57523,15126.795579905911,-2647.748253045199,2647.748253045199
9706.8925,15045.781941015144,-2557.500499475827,2557.500499475827
9852.35749,15127.540278158123,-2385.0340150050843,2385.0340150050843
10000.0024,15025.394101583464,-2167.9228555422865,2167.9228555422865
